<?xml version="1.0" encoding="UTF-8"?>
<project-private xmlns="http://www.netbeans.org/ns/project-private/1">
    <editor-bookmarks xmlns="http://www.netbeans.org/ns/editor-bookmarks/2" lastBookmarkId="0"/>
    <open-files xmlns="http://www.netbeans.org/ns/projectui-open-files/2">
        <group name="ImageManipulator"/>
        <group>
            <file>file:/R:/ImageManipulator/imagemanipulator.contract/src/imagemanipulator/contract/OperationDescriptor.java</file>
            <file>file:/R:/ImageManipulator/imagemanipulator.contract/src/imagemanipulator/contract/ImageManipulatorService.java</file>
            <file>file:/R:/ImageManipulator/imagemanipulator.contract/src/imagemanipulator/contract/OperationNotExistsException.java</file>
            <file>file:/R:/ImageManipulator/imagemanipulator.contract/src/imagemanipulator/contract/Operation.java</file>
        </group>
    </open-files>
</project-private>
