<?xml version="1.0" encoding="UTF-8"?>
<project-private xmlns="http://www.netbeans.org/ns/project-private/1">
    <editor-bookmarks xmlns="http://www.netbeans.org/ns/editor-bookmarks/2" lastBookmarkId="0"/>
    <open-files xmlns="http://www.netbeans.org/ns/projectui-open-files/2">
        <group>
            <file>file:/home/bli/NetBeansProjects/AnimalFarm/src/animalfarm/Emu.java</file>
            <file>file:/home/bli/NetBeansProjects/AnimalFarm/src/animalfarm/Goat.java</file>
            <file>file:/home/bli/NetBeansProjects/AnimalFarm/src/animalfarm/AnimalFarm.java</file>
            <file>file:/home/bli/NetBeansProjects/AnimalFarm/src/animalfarm/Cow.java</file>
            <file>file:/home/bli/NetBeansProjects/AnimalFarm/src/animalfarm/Horse.java</file>
            <file>file:/home/bli/NetBeansProjects/AnimalFarm/src/animalfarm/Animal.java</file>
        </group>
    </open-files>
</project-private>
