<?xml version="1.0" encoding="UTF-8"?>
<project-private xmlns="http://www.netbeans.org/ns/project-private/1">
    <editor-bookmarks xmlns="http://www.netbeans.org/ns/editor-bookmarks/2" lastBookmarkId="0"/>
    <open-files xmlns="http://www.netbeans.org/ns/projectui-open-files/2">
        <group>
            <file>file:/C:/Users/Szendrei%20Rudolf/Desktop/2/House/src/house/RoomDecorator.java</file>
            <file>file:/C:/Users/Szendrei%20Rudolf/Desktop/2/House/src/house/WindowedRoomDecorator.java</file>
            <file>file:/C:/Users/Szendrei%20Rudolf/Desktop/2/House/src/house/Person.java</file>
            <file>file:/C:/Users/Szendrei%20Rudolf/Desktop/2/House/src/house/Door.java</file>
            <file>file:/C:/Users/Szendrei%20Rudolf/Desktop/2/House/src/house/Room.java</file>
            <file>file:/C:/Users/Szendrei%20Rudolf/Desktop/2/House/src/house/LivingRoom.java</file>
            <file>file:/C:/Users/Szendrei%20Rudolf/Desktop/2/House/src/house/House.java</file>
            <file>file:/C:/Users/Szendrei%20Rudolf/Desktop/2/House/src/house/Kitchen.java</file>
            <file>file:/C:/Users/Szendrei%20Rudolf/Desktop/2/House/src/house/Window.java</file>
            <file>file:/C:/Users/Szendrei%20Rudolf/Desktop/2/House/src/house/DooredRoomDecorator.java</file>
        </group>
    </open-files>
</project-private>
